accuracy,precision,recall,f1,roc_auc,tn,fp,fn,tp,threshold
0.9125255275697753,0.8978494623655914,0.8751091703056768,0.8863334807607254,0.9671176360275404,1679,114,143,1002,0.4
