accuracy,precision,recall,f1,roc_auc,tn,fp,fn,tp,threshold
0.9077603812117087,0.8929856115107914,0.8672489082969432,0.8799291094373062,0.9647374432838037,1674,119,152,993,0.4
