accuracy,precision,recall,f1,roc_auc,tn,fp,fn,tp,threshold
0.9104833219877467,0.9023722627737226,0.8637554585152838,0.8826416778224007,0.9691471199253769,1686,107,156,989,0.51
